{
	"displayName": "Awakened Draconium Chicken",
	"dropItem": "draconicevolution:awakened_draconium_ingot",
	"dropItemNBT": "",
	"spawnNaturally": false,
	"spawnType": 1,
	"spawnLight": 7,
	"spawnBlocks": ["minecraft:grass_block", "minecraft:stone"],
	"canBreed": true,
	"baseHealth": 4,
	"baseSpeed": 0.25,
	"isFireImmune": false,
	"conversion": 250,
	"eggLayTime": 6000,
	"eggColorBackground": "15033101",
	"eggColorForeground": "13650703",
	"hasTrait": 0,
	"parentA": "",
	"parentB": "",
	"enabled": true
}
