{
	"displayName": "Inferium Chicken",
	"dropItem": "mysticalagriculture:inferium_essence",
	"dropItemNBT": "",
	"spawnNaturally": false,
	"spawnType": 1,
	"spawnLight": 7,
	"spawnBlocks": ["minecraft:grass_block", "minecraft:stone"],
	"canBreed": true,
	"baseHealth": 4,
	"baseSpeed": 0.25,
	"isFireImmune": false,
	"conversion": 250,
	"eggLayTime": 6000,
	"eggColorBackground": "9416448",
	"eggColorForeground": "8162822",
	"hasTrait": 0,
	"parentA": "",
	"parentB": "",
	"enabled": true
}
