{
	"displayName": "Signalum Chicken",
	"dropItem": "items:forge:ingots/signalum",
	"dropItemNBT": "",
	"spawnNaturally": false,
	"spawnType": 1,
	"spawnLight": 7,
	"spawnBlocks": ["minecraft:grass_block", "minecraft:stone"],
	"canBreed": true,
	"baseHealth": 4,
	"baseSpeed": 0.25,
	"isFireImmune": false,
	"conversion": 250,
	"eggLayTime": 6000,
	"eggColorBackground": "16748835",
	"eggColorForeground": "15747584",
	"hasTrait": 0,
	"parentA": "",
	"parentB": "",
	"enabled": true
}
