{
	"displayName": "Clay Chicken",
	"dropItem": "minecraft:clay_ball",
	"dropItemNBT": "",
	"spawnNaturally": false,
	"spawnType": 1,
	"spawnLight": 7,
	"spawnBlocks": ["minecraft:grass_block"],
	"canBreed": true,
	"baseHealth": 4,
	"baseSpeed": 0.25,
	"isFireImmune": false,
	"conversion": 250,
	"eggLayTime": 6000,
	"eggColorBackground": "13421772",
	"eggColorForeground": "12566463",
	"hasTrait": 0,
	"parentA": "resourcechickens:snowman",
	"parentB": "resourcechickens:sand",
	"enabled": true
}
