{
	"displayName": "Creeper Chicken",
	"dropItem": "minecraft:gunpowder",
	"dropItemNBT": "",
	"spawnNaturally": false,
	"spawnType": 1,
	"spawnLight": 7,
	"spawnBlocks": ["minecraft:grass_block"],
	"canBreed": true,
	"baseHealth": 4,
	"baseSpeed": 0.25,
	"isFireImmune": false,
	"conversion": 250,
	"eggLayTime": 6000,
	"eggColorBackground": "10066329",
	"eggColorForeground": "4210752",
	"hasTrait": 3,
	"parentA": "resourcechickens:sand",
	"parentB": "resourcechickens:flint",
	"enabled": true
}
