{
	"displayName": "Diamond Chicken",
	"dropItem": "minecraft:diamond",
	"dropItemNBT": "",
	"spawnNaturally": false,
	"spawnType": 1,
	"spawnLight": 7,
	"spawnBlocks": ["minecraft:grass_block"],
	"canBreed": true,
	"baseHealth": 4,
	"baseSpeed": 0.25,
	"isFireImmune": false,
	"conversion": 250,
	"eggLayTime": 6000,
	"eggColorBackground": "10079487",
	"eggColorForeground": "15135487",
	"hasTrait": 0,
	"parentA": "resourcechickens:gold",
	"parentB": "resourcechickens:glass",
	"enabled": true
}
