{
	"displayName": "Iron Chicken",
	"dropItem": "minecraft:iron_ingot",
	"dropItemNBT": "",
	"spawnNaturally": false,
	"spawnType": 1,
	"spawnLight": 7,
	"spawnBlocks": ["minecraft:grass_block"],
	"canBreed": true,
	"baseHealth": 4,
	"baseSpeed": 0.25,
	"isFireImmune": false,
	"conversion": 250,
	"eggLayTime": 6000,
	"eggColorBackground": "16777164",
	"eggColorForeground": "16764108",
	"hasTrait": 0,
	"parentA": "resourcechickens:flint",
	"parentB": "resourcechickens:dye_white",
	"enabled": true
}
