{
	"displayName": "Prismarine Crystal Chicken",
	"dropItem": "minecraft:prismarine_crystals",
	"dropItemNBT": "",
	"spawnNaturally": false,
	"spawnType": 1,
	"spawnLight": 7,
	"spawnBlocks": ["minecraft:grass_block"],
	"canBreed": true,
	"baseHealth": 4,
	"baseSpeed": 0.25,
	"isFireImmune": false,
	"conversion": 250,
	"eggLayTime": 6000,
	"eggColorBackground": 5138785,
	"eggColorForeground": 14674396,
	"hasTrait": 0,
	"parentA": "resourcechickens:emerald",
	"parentB": "resourcechickens:water",
	"enabled": true
}
